device_id,date,time,steps,heart_rate,spo2,rmssd,coverage,hf,lf
2611844290,2024-07-24,22:00,0,100,,,,,
2611844290,2024-07-24,22:01,0,97,,,,,
2611844290,2024-07-24,22:02,0,96,,,,,
2611844290,2024-07-24,22:03,0,94,,,,,
2611844290,2024-07-24,22:04,0,96,,,,,
2611844290,2024-07-24,22:05,0,94,,,,,
2611844290,2024-07-24,22:06,0,93,,,,,
2611844290,2024-07-24,22:07,0,97,,,,,
2611844290,2024-07-24,22:08,0,95,,,,,
2611844290,2024-07-24,22:09,0,94,,,,,
2611844290,2024-07-24,22:10,0,96,,,,,
2611844290,2024-07-24,22:11,0,96,,,,,
2611844290,2024-07-24,22:12,0,99,,,,,
2611844290,2024-07-24,22:13,9,101,,,,,
2611844290,2024-07-24,22:14,17,102,,,,,
2611844290,2024-07-24,22:15,0,94,,,,,
2611844290,2024-07-24,22:16,0,95,,,,,
2611844290,2024-07-24,22:17,0,94,,,,,
2611844290,2024-07-24,22:18,0,94,,,,,
2611844290,2024-07-24,22:19,0,92,,,,,
2611844290,2024-07-24,22:20,0,93,,,,,
2611844290,2024-07-24,22:21,0,93,,,,,
2611844290,2024-07-24,22:22,0,96,,,,,
2611844290,2024-07-24,22:23,0,96,,,,,
2611844290,2024-07-24,22:24,0,101,,,,,
2611844290,2024-07-24,22:25,0,93,,,,,
2611844290,2024-07-24,22:26,0,91,,,,,
2611844290,2024-07-24,22:27,0,88,,,,,
2611844290,2024-07-24,22:28,0,92,,,,,
2611844290,2024-07-24,22:29,0,89,,,,,
2611844290,2024-07-24,22:30,0,94,,,,,
2611844290,2024-07-24,22:31,0,96,,,,,
2611844290,2024-07-24,22:32,0,99,,,,,
2611844290,2024-07-24,22:33,0,96,,,,,
2611844290,2024-07-24,22:34,11,98,,,,,
2611844290,2024-07-24,22:35,0,98,,,,,
2611844290,2024-07-24,22:36,0,95,,,,,
2611844290,2024-07-24,22:37,0,96,,,,,
2611844290,2024-07-24,22:38,0,94,,,,,
2611844290,2024-07-24,22:39,0,95,,,,,
2611844290,2024-07-24,22:40,0,93,,,,,
2611844290,2024-07-24,22:41,0,94,,,,,
2611844290,2024-07-24,22:42,0,95,,,,,
2611844290,2024-07-24,22:43,0,98,,,,,
2611844290,2024-07-24,22:44,0,98,,,,,
2611844290,2024-07-24,22:45,0,95,,,,,
2611844290,2024-07-24,22:46,0,92,,,,,
2611844290,2024-07-24,22:47,0,90,,,,,
2611844290,2024-07-24,22:48,0,89,,,,,
2611844290,2024-07-24,22:49,0,91,,,,,
2611844290,2024-07-24,22:50,0,89,,,,,
2611844290,2024-07-24,22:51,0,88,,,,,
2611844290,2024-07-24,22:52,0,90,,,,,
2611844290,2024-07-24,22:53,0,86,,,,,
2611844290,2024-07-24,22:54,0,84,,,,,
2611844290,2024-07-24,22:55,0,84,,,,,
2611844290,2024-07-24,22:56,0,86,,,,,
2611844290,2024-07-24,22:57,0,85,,,,,
2611844290,2024-07-24,22:58,0,87,,,,,
2611844290,2024-07-24,22:59,0,85,,,,,
2611844290,2024-07-24,23:00,0,85,,,,,
2611844290,2024-07-24,23:01,0,89,,,,,
2611844290,2024-07-24,23:02,0,85,,,,,
2611844290,2024-07-24,23:03,0,85,,,,,
2611844290,2024-07-24,23:04,0,87,,,,,
2611844290,2024-07-24,23:05,0,89,,,,,
2611844290,2024-07-24,23:06,0,90,,,,,
2611844290,2024-07-24,23:07,0,89,,,,,
2611844290,2024-07-24,23:08,0,90,,,,,
2611844290,2024-07-24,23:09,0,91,,,,,
2611844290,2024-07-24,23:10,0,92,,,,,
2611844290,2024-07-24,23:11,0,90,,,,,
2611844290,2024-07-24,23:12,0,88,,,,,
2611844290,2024-07-24,23:13,0,90,,,,,
2611844290,2024-07-24,23:14,0,91,,,,,
2611844290,2024-07-24,23:15,0,93,,,,,
2611844290,2024-07-24,23:16,0,92,,,,,
2611844290,2024-07-24,23:17,0,94,,,,,
2611844290,2024-07-24,23:18,0,93,,,,,
2611844290,2024-07-24,23:19,0,94,,,,,
2611844290,2024-07-24,23:20,0,97,,,,,
2611844290,2024-07-24,23:21,0,98,,,,,
2611844290,2024-07-24,23:22,0,93,,,,,
2611844290,2024-07-24,23:23,0,94,,,,,
2611844290,2024-07-24,23:24,0,93,,,,,
2611844290,2024-07-24,23:25,0,95,,,,,
2611844290,2024-07-24,23:26,0,96,,,,,
2611844290,2024-07-24,23:27,0,94,,,,,
2611844290,2024-07-24,23:28,0,97,,,,,
2611844290,2024-07-24,23:29,0,92,98.3,,,,
2611844290,2024-07-24,23:30,0,97,99.0,,,,
2611844290,2024-07-24,23:31,0,93,99.3,,,,
2611844290,2024-07-24,23:32,0,92,99.2,,,,
2611844290,2024-07-24,23:33,0,91,99.4,,,,
2611844290,2024-07-24,23:34,0,94,99.7,,,,
2611844290,2024-07-24,23:35,0,94,100.0,,,,
2611844290,2024-07-24,23:36,0,94,100.0,,,,
2611844290,2024-07-24,23:37,0,97,100.0,,,,
2611844290,2024-07-24,23:38,0,94,100.0,,,,
2611844290,2024-07-24,23:39,0,94,100.0,,,,
2611844290,2024-07-24,23:40,0,93,100.0,,,,
2611844290,2024-07-24,23:41,0,91,100.0,,,,
2611844290,2024-07-24,23:42,0,93,100.0,,,,
2611844290,2024-07-24,23:43,0,96,100.0,,,,
2611844290,2024-07-24,23:44,0,94,100.0,,,,
2611844290,2024-07-24,23:45,0,91,99.9,,,,
2611844290,2024-07-24,23:46,0,87,99.9,,,,
2611844290,2024-07-24,23:47,0,91,99.9,,,,
2611844290,2024-07-24,23:48,0,88,99.9,,,,
2611844290,2024-07-24,23:49,0,86,99.9,,,,
2611844290,2024-07-24,23:50,0,87,99.9,,,,
2611844290,2024-07-24,23:51,0,94,99.9,,,,
2611844290,2024-07-24,23:52,0,91,99.8,,,,
2611844290,2024-07-24,23:53,0,88,99.8,,,,
2611844290,2024-07-24,23:54,0,91,99.9,,,,
2611844290,2024-07-24,23:55,0,86,99.7,,,,
2611844290,2024-07-24,23:56,0,85,99.7,,,,
2611844290,2024-07-24,23:57,0,87,99.7,,,,
2611844290,2024-07-24,23:58,0,88,99.7,,,,
2611844290,2024-07-24,23:59,0,94,99.7,,,,
2611844290,2024-07-25,00:00,0,88,,,,,
2611844290,2024-07-25,00:01,0,91,,,,,
2611844290,2024-07-25,00:02,0,90,,,,,
2611844290,2024-07-25,00:03,0,89,,,,,
2611844290,2024-07-25,00:04,0,91,,,,,
2611844290,2024-07-25,00:05,0,88,,,,,
2611844290,2024-07-25,00:06,0,88,,,,,
2611844290,2024-07-25,00:07,0,83,,,,,
2611844290,2024-07-25,00:08,0,82,,,,,
2611844290,2024-07-25,00:09,0,85,,,,,
2611844290,2024-07-25,00:10,0,81,,,,,
2611844290,2024-07-25,00:11,0,81,,,,,
2611844290,2024-07-25,00:12,0,87,,,,,
2611844290,2024-07-25,00:13,0,86,,,,,
2611844290,2024-07-25,00:14,0,84,,,,,
2611844290,2024-07-25,00:15,19,87,,,,,
2611844290,2024-07-25,00:16,0,81,,,,,
2611844290,2024-07-25,00:17,0,83,,,,,
2611844290,2024-07-25,00:18,0,84,,,,,
2611844290,2024-07-25,00:19,0,83,,,,,
2611844290,2024-07-25,00:20,0,83,,,,,
2611844290,2024-07-25,00:21,0,83,,,,,
2611844290,2024-07-25,00:22,0,79,,,,,
2611844290,2024-07-25,00:23,0,81,,,,,
2611844290,2024-07-25,00:24,0,87,,,,,
2611844290,2024-07-25,00:25,0,84,,,,,
2611844290,2024-07-25,00:26,0,81,,,,,
2611844290,2024-07-25,00:27,0,84,,,,,
2611844290,2024-07-25,00:28,0,86,,,,,
2611844290,2024-07-25,00:29,0,87,,,,,
2611844290,2024-07-25,00:30,0,91,,,,,
2611844290,2024-07-25,00:31,0,89,,,,,
2611844290,2024-07-25,00:32,0,90,,,,,
2611844290,2024-07-25,00:33,0,83,,,,,
2611844290,2024-07-25,00:34,0,86,,,,,
2611844290,2024-07-25,00:35,0,85,,,,,
2611844290,2024-07-25,00:36,0,87,,,,,
2611844290,2024-07-25,00:37,0,87,,,,,
2611844290,2024-07-25,00:38,0,85,,,,,
2611844290,2024-07-25,00:39,0,85,,,,,
2611844290,2024-07-25,00:40,0,83,,,,,
2611844290,2024-07-25,00:41,0,81,,,,,
2611844290,2024-07-25,00:42,0,83,,,,,
2611844290,2024-07-25,00:43,0,78,,,,,
2611844290,2024-07-25,00:44,0,78,,,,,
2611844290,2024-07-25,00:45,0,79,,,,,
2611844290,2024-07-25,00:46,0,79,,,,,
2611844290,2024-07-25,00:47,0,80,,,,,
2611844290,2024-07-25,00:48,0,85,,,,,
2611844290,2024-07-25,00:49,0,82,,,,,
2611844290,2024-07-25,00:50,0,82,,,,,
2611844290,2024-07-25,00:51,0,82,,,,,
2611844290,2024-07-25,00:52,0,84,,,,,
2611844290,2024-07-25,00:53,0,83,,,,,
2611844290,2024-07-25,00:54,0,83,,,,,
2611844290,2024-07-25,00:55,0,91,,,,,
2611844290,2024-07-25,00:56,0,86,,,,,
2611844290,2024-07-25,00:57,0,83,,,,,
2611844290,2024-07-25,00:58,0,88,,,,,
2611844290,2024-07-25,00:59,0,87,,,,,
2611844290,2024-07-25,01:00,0,84,,,,,
2611844290,2024-07-25,01:01,0,78,,,,,
2611844290,2024-07-25,01:02,0,78,,,,,
2611844290,2024-07-25,01:03,0,78,,,,,
2611844290,2024-07-25,01:04,0,77,,,,,
2611844290,2024-07-25,01:05,0,79,,,,,
2611844290,2024-07-25,01:06,0,76,,,,,
2611844290,2024-07-25,01:07,0,74,,,,,
2611844290,2024-07-25,01:08,0,77,,,,,
2611844290,2024-07-25,01:09,0,77,,,,,
2611844290,2024-07-25,01:10,0,79,,,,,
2611844290,2024-07-25,01:11,0,82,,,,,
2611844290,2024-07-25,01:12,0,77,,,,,
2611844290,2024-07-25,01:13,0,79,,,,,
2611844290,2024-07-25,01:14,0,73,,,,,
2611844290,2024-07-25,01:15,0,75,,,,,
2611844290,2024-07-25,01:16,0,74,,,,,
2611844290,2024-07-25,01:17,0,73,,,,,
2611844290,2024-07-25,01:18,0,77,,,,,
2611844290,2024-07-25,01:19,0,80,,,,,
2611844290,2024-07-25,01:20,0,76,,,,,
2611844290,2024-07-25,01:21,0,74,,,,,
2611844290,2024-07-25,01:22,0,78,,,,,
2611844290,2024-07-25,01:23,0,78,,,,,
2611844290,2024-07-25,01:24,0,77,,,,,
2611844290,2024-07-25,01:25,0,77,,,,,
2611844290,2024-07-25,01:26,0,77,,,,,
2611844290,2024-07-25,01:27,0,74,,,,,
2611844290,2024-07-25,01:28,0,73,,,,,
2611844290,2024-07-25,01:29,0,75,,,,,
2611844290,2024-07-25,01:30,0,78,,,,,
2611844290,2024-07-25,01:31,0,77,,,,,
2611844290,2024-07-25,01:32,0,76,,,,,
2611844290,2024-07-25,01:33,0,80,,,,,
2611844290,2024-07-25,01:34,0,79,,,,,
2611844290,2024-07-25,01:35,0,79,,,,,
2611844290,2024-07-25,01:36,0,76,,,,,
2611844290,2024-07-25,01:37,0,83,,,,,
2611844290,2024-07-25,01:38,0,77,,,,,
2611844290,2024-07-25,01:39,0,84,,,,,
2611844290,2024-07-25,01:40,21,83,,,,,
2611844290,2024-07-25,01:41,1,81,,,,,
2611844290,2024-07-25,01:42,0,75,,,,,
2611844290,2024-07-25,01:43,0,73,,,,,
2611844290,2024-07-25,01:44,0,73,,,,,
2611844290,2024-07-25,01:45,0,79,,,,,
2611844290,2024-07-25,01:46,0,78,,,,,
2611844290,2024-07-25,01:47,0,74,,,,,
2611844290,2024-07-25,01:48,0,77,,,,,
2611844290,2024-07-25,01:49,0,75,,,,,
2611844290,2024-07-25,01:50,0,76,,,,,
2611844290,2024-07-25,01:51,0,82,,,,,
2611844290,2024-07-25,01:52,0,91,,,,,
2611844290,2024-07-25,01:53,10,92,,,,,
2611844290,2024-07-25,01:54,0,88,,,,,
2611844290,2024-07-25,01:55,0,90,,,,,
2611844290,2024-07-25,01:56,0,87,,,,,
2611844290,2024-07-25,01:57,0,92,,,,,
2611844290,2024-07-25,01:58,0,86,,,,,
2611844290,2024-07-25,01:59,0,92,,,,,
2611844290,2024-07-25,02:00,47,98,,,,,
2611844290,2024-07-25,02:01,82,98,,,,,
2611844290,2024-07-25,02:02,17,97,,,,,
2611844290,2024-07-25,02:03,0,90,,,,,
2611844290,2024-07-25,02:04,0,92,,,,,
2611844290,2024-07-25,02:05,0,91,,,,,
2611844290,2024-07-25,02:06,6,93,,,,,
2611844290,2024-07-25,02:07,0,96,,,,,
2611844290,2024-07-25,02:08,0,93,,,,,
2611844290,2024-07-25,02:09,0,95,,,,,
2611844290,2024-07-25,02:10,0,95,,,,,
2611844290,2024-07-25,02:11,0,94,,,,,
2611844290,2024-07-25,02:12,0,91,,,,,
2611844290,2024-07-25,02:13,0,94,,,,,
2611844290,2024-07-25,02:14,0,94,,,,,
2611844290,2024-07-25,02:15,0,97,,,,,
2611844290,2024-07-25,02:16,7,96,,,,,
2611844290,2024-07-25,02:17,0,97,,,,,
2611844290,2024-07-25,02:18,0,100,,,,,
2611844290,2024-07-25,02:19,14,102,,,,,
2611844290,2024-07-25,02:20,0,105,,,,,
2611844290,2024-07-25,02:21,4,96,,,,,
2611844290,2024-07-25,02:22,23,96,,,,,
2611844290,2024-07-25,02:23,0,98,,,,,
2611844290,2024-07-25,02:24,0,98,,,,,
2611844290,2024-07-25,02:25,19,92,,,,,
2611844290,2024-07-25,02:26,11,96,,,,,
2611844290,2024-07-25,02:27,24,118,,,,,
2611844290,2024-07-25,02:28,0,114,,,,,
2611844290,2024-07-25,02:29,0,97,,,,,
2611844290,2024-07-25,02:30,0,100,,,,,
2611844290,2024-07-25,02:31,11,102,,,,,
2611844290,2024-07-25,02:32,0,99,,,,,
2611844290,2024-07-25,02:33,33,87,,,,,
2611844290,2024-07-25,02:34,0,80,,,,,
2611844290,2024-07-25,02:35,0,80,,,,,
2611844290,2024-07-25,02:36,0,76,,,,,
2611844290,2024-07-25,02:37,0,76,,,,,
2611844290,2024-07-25,02:38,4,75,,,,,
2611844290,2024-07-25,02:39,0,74,,,,,
2611844290,2024-07-25,02:40,0,77,,,,,
2611844290,2024-07-25,02:41,21,77,,,,,
2611844290,2024-07-25,02:42,0,79,,,,,
2611844290,2024-07-25,02:43,0,76,,,,,
2611844290,2024-07-25,02:44,0,77,,,,,
2611844290,2024-07-25,02:45,0,88,,,,,
2611844290,2024-07-25,02:46,0,76,,,,,
2611844290,2024-07-25,02:47,0,75,,,,,
2611844290,2024-07-25,02:48,0,74,,,,,
2611844290,2024-07-25,02:49,0,71,,,,,
2611844290,2024-07-25,02:50,0,70,,,,,
2611844290,2024-07-25,02:51,0,75,,,,,
2611844290,2024-07-25,02:52,0,80,,,,,
2611844290,2024-07-25,02:53,0,80,,,,,
2611844290,2024-07-25,02:54,0,84,,,,,
2611844290,2024-07-25,02:55,0,81,,,,,
2611844290,2024-07-25,02:56,0,77,,,,,
2611844290,2024-07-25,02:57,0,74,,,,,
2611844290,2024-07-25,02:58,0,74,,,,,
2611844290,2024-07-25,02:59,0,74,,,,,
2611844290,2024-07-25,03:00,0,84,,,,,
2611844290,2024-07-25,03:01,0,89,,,,,
2611844290,2024-07-25,03:02,0,83,,,,,
2611844290,2024-07-25,03:03,0,80,,,,,
2611844290,2024-07-25,03:04,0,78,,,,,
2611844290,2024-07-25,03:05,0,78,,33.796,0.931,359.978,984.354
2611844290,2024-07-25,03:06,0,74,,,,,
2611844290,2024-07-25,03:07,0,76,,,,,
2611844290,2024-07-25,03:08,0,73,,,,,
2611844290,2024-07-25,03:09,0,72,,,,,
2611844290,2024-07-25,03:10,0,84,,,,,
2611844290,2024-07-25,03:11,0,77,,,,,
2611844290,2024-07-25,03:12,0,80,,,,,
2611844290,2024-07-25,03:13,4,86,,,,,
2611844290,2024-07-25,03:14,0,79,,,,,
2611844290,2024-07-25,03:15,0,72,,35.197,0.948,400.232,561.135
2611844290,2024-07-25,03:16,0,72,,,,,
2611844290,2024-07-25,03:17,0,72,,,,,
2611844290,2024-07-25,03:18,0,76,,,,,
2611844290,2024-07-25,03:19,0,76,,,,,
2611844290,2024-07-25,03:20,0,73,,35.492,1.004,607.757,428.548
2611844290,2024-07-25,03:21,0,73,,,,,
2611844290,2024-07-25,03:22,0,71,,,,,
2611844290,2024-07-25,03:23,0,72,,,,,
2611844290,2024-07-25,03:24,0,70,,,,,
2611844290,2024-07-25,03:25,0,70,,37.419,1.002,654.721,285.994
2611844290,2024-07-25,03:26,0,71,92.2,,,,
2611844290,2024-07-25,03:27,0,71,92.8,,,,
2611844290,2024-07-25,03:28,0,72,93.1,,,,
2611844290,2024-07-25,03:29,0,72,93.6,,,,
2611844290,2024-07-25,03:30,0,72,93.7,34.627,1.002,621.126,200.794
2611844290,2024-07-25,03:31,0,72,93.9,,,,
2611844290,2024-07-25,03:32,0,71,94.2,,,,
2611844290,2024-07-25,03:33,0,73,94.4,,,,
2611844290,2024-07-25,03:34,0,73,94.6,,,,
2611844290,2024-07-25,03:35,0,72,94.6,32.223,1.004,487.978,330.635
2611844290,2024-07-25,03:36,0,73,94.7,,,,
2611844290,2024-07-25,03:37,0,73,94.7,,,,
2611844290,2024-07-25,03:38,0,73,94.6,,,,
2611844290,2024-07-25,03:39,0,73,94.7,,,,
2611844290,2024-07-25,03:40,0,72,94.8,30.996,1.001,451.159,218.377
2611844290,2024-07-25,03:41,0,73,94.8,,,,
2611844290,2024-07-25,03:42,0,73,94.8,,,,
2611844290,2024-07-25,03:43,0,73,94.8,,,,
2611844290,2024-07-25,03:44,0,73,94.7,,,,
2611844290,2024-07-25,03:45,0,74,94.8,31.187,0.997,584.957,247.269
2611844290,2024-07-25,03:46,0,74,94.8,,,,
2611844290,2024-07-25,03:47,0,74,94.7,,,,
2611844290,2024-07-25,03:48,0,74,94.8,,,,
2611844290,2024-07-25,03:49,0,75,94.8,,,,
2611844290,2024-07-25,03:50,0,74,94.8,30.085,1.003,358.984,240.77
2611844290,2024-07-25,03:51,0,75,94.8,,,,
2611844290,2024-07-25,03:52,0,75,94.8,,,,
2611844290,2024-07-25,03:53,0,73,94.8,,,,
2611844290,2024-07-25,03:54,0,74,94.9,,,,
2611844290,2024-07-25,03:55,0,74,94.9,28.271,1.003,292.476,242.774
2611844290,2024-07-25,03:56,0,74,94.9,,,,
2611844290,2024-07-25,03:57,0,75,94.8,,,,
2611844290,2024-07-25,03:58,0,75,94.7,,,,
2611844290,2024-07-25,03:59,0,74,,,,,
2611844290,2024-07-25,04:00,0,90,,23.678,0.717,99.395,2576.11
2611844290,2024-07-25,04:01,0,89,,,,,
2611844290,2024-07-25,04:02,0,84,,,,,
2611844290,2024-07-25,04:03,0,91,95.0,,,,
2611844290,2024-07-25,04:04,0,86,95.0,,,,
2611844290,2024-07-25,04:05,0,81,94.8,21.802,0.973,201.063,210.047
2611844290,2024-07-25,04:06,0,75,94.8,,,,
2611844290,2024-07-25,04:07,0,80,95.0,,,,
2611844290,2024-07-25,04:08,0,84,95.3,,,,
2611844290,2024-07-25,04:09,0,82,95.5,,,,
2611844290,2024-07-25,04:10,0,81,95.7,25.37,1.002,334.349,258.591
2611844290,2024-07-25,04:11,0,82,95.8,,,,
2611844290,2024-07-25,04:12,0,79,95.8,,,,
2611844290,2024-07-25,04:13,0,79,95.9,,,,
2611844290,2024-07-25,04:14,0,78,95.9,,,,
2611844290,2024-07-25,04:15,0,81,96.1,24.338,1.002,255.249,563.959
2611844290,2024-07-25,04:16,0,79,96.1,,,,
2611844290,2024-07-25,04:17,0,79,96.2,,,,
2611844290,2024-07-25,04:18,0,80,96.0,,,,
2611844290,2024-07-25,04:19,0,80,96.0,,,,
2611844290,2024-07-25,04:20,0,78,96.0,23.073,0.98,216.566,741.065
2611844290,2024-07-25,04:21,0,79,96.0,,,,
2611844290,2024-07-25,04:22,0,82,96.1,,,,
2611844290,2024-07-25,04:23,0,80,96.1,,,,
2611844290,2024-07-25,04:24,0,79,96.2,,,,
2611844290,2024-07-25,04:25,0,78,96.3,23.3,1.004,243.777,597.04
2611844290,2024-07-25,04:26,0,79,96.4,,,,
2611844290,2024-07-25,04:27,0,78,96.4,,,,
2611844290,2024-07-25,04:28,0,77,96.5,,,,
2611844290,2024-07-25,04:29,0,76,96.5,,,,
2611844290,2024-07-25,04:30,0,76,96.5,21.163,0.993,141.37,506.516
2611844290,2024-07-25,04:31,0,78,96.5,,,,
2611844290,2024-07-25,04:32,0,78,96.5,,,,
2611844290,2024-07-25,04:33,0,77,96.5,,,,
2611844290,2024-07-25,04:34,0,77,96.5,,,,
2611844290,2024-07-25,04:35,0,76,96.5,20.409,1.002,164.851,183.766
2611844290,2024-07-25,04:36,0,78,96.5,,,,
2611844290,2024-07-25,04:37,0,77,96.6,,,,
2611844290,2024-07-25,04:38,0,76,96.5,,,,
2611844290,2024-07-25,04:39,0,76,96.6,,,,
2611844290,2024-07-25,04:40,0,77,96.6,23.319,1.003,276.955,388.327
2611844290,2024-07-25,04:41,0,77,96.5,,,,
2611844290,2024-07-25,04:42,0,76,96.6,,,,
2611844290,2024-07-25,04:43,0,75,96.6,,,,
2611844290,2024-07-25,04:44,0,76,96.6,,,,
2611844290,2024-07-25,04:45,0,76,96.5,22.64,1.003,237.265,146.556
2611844290,2024-07-25,04:46,0,76,96.4,,,,
2611844290,2024-07-25,04:47,0,79,96.3,,,,
2611844290,2024-07-25,04:48,0,78,96.2,,,,
2611844290,2024-07-25,04:49,0,78,96.1,,,,
2611844290,2024-07-25,04:50,0,76,96.2,24.153,0.947,227.89,463.818
2611844290,2024-07-25,04:51,0,76,96.3,,,,
2611844290,2024-07-25,04:52,0,78,96.6,,,,
2611844290,2024-07-25,04:53,0,82,96.8,,,,
2611844290,2024-07-25,04:54,0,71,96.8,,,,
2611844290,2024-07-25,04:55,0,73,96.8,24.507,1.001,243.91,174.988
2611844290,2024-07-25,04:56,0,73,96.8,,,,
2611844290,2024-07-25,04:57,0,75,96.8,,,,
2611844290,2024-07-25,04:58,0,75,96.7,,,,
2611844290,2024-07-25,04:59,0,74,96.6,,,,
2611844290,2024-07-25,05:00,0,74,96.6,24.535,0.944,264.964,500.412
2611844290,2024-07-25,05:01,0,74,96.6,,,,
2611844290,2024-07-25,05:02,0,74,96.6,,,,
2611844290,2024-07-25,05:03,0,75,96.8,,,,
2611844290,2024-07-25,05:04,0,88,,,,,
2611844290,2024-07-25,05:05,0,82,96.3,24.207,0.959,251.988,514.127
2611844290,2024-07-25,05:06,0,72,95.8,,,,
2611844290,2024-07-25,05:07,0,73,95.7,,,,
2611844290,2024-07-25,05:08,0,72,95.5,,,,
2611844290,2024-07-25,05:09,0,72,95.5,,,,
2611844290,2024-07-25,05:10,0,70,95.5,23.891,1.001,171.964,264.837
2611844290,2024-07-25,05:11,0,72,95.4,,,,
2611844290,2024-07-25,05:12,0,73,95.4,,,,
2611844290,2024-07-25,05:13,0,70,95.6,,,,
2611844290,2024-07-25,05:14,0,72,95.6,,,,
2611844290,2024-07-25,05:15,0,71,95.5,21.432,1.003,231.031,1138.785
2611844290,2024-07-25,05:16,0,72,95.5,,,,
2611844290,2024-07-25,05:17,0,76,95.5,,,,
2611844290,2024-07-25,05:18,0,75,95.2,,,,
2611844290,2024-07-25,05:19,0,83,95.1,,,,
2611844290,2024-07-25,05:20,0,81,95.0,18.436,0.97,95.841,1119.342
2611844290,2024-07-25,05:21,0,82,94.9,,,,
2611844290,2024-07-25,05:22,0,83,95.3,,,,
2611844290,2024-07-25,05:23,0,82,,,,,
2611844290,2024-07-25,05:24,0,85,95.2,,,,
2611844290,2024-07-25,05:25,0,84,,22.666,0.85,183.312,436.672
2611844290,2024-07-25,05:26,0,91,95.4,,,,
2611844290,2024-07-25,05:27,0,77,95.5,,,,
2611844290,2024-07-25,05:28,0,75,95.9,,,,
2611844290,2024-07-25,05:29,0,76,96.0,,,,
2611844290,2024-07-25,05:30,0,80,96.1,16.743,0.995,97.595,374.645
2611844290,2024-07-25,05:31,0,77,96.4,,,,
2611844290,2024-07-25,05:32,0,77,96.4,,,,
2611844290,2024-07-25,05:33,0,78,96.9,,,,
2611844290,2024-07-25,05:34,0,79,97.1,,,,
2611844290,2024-07-25,05:35,0,81,97.2,13.278,0.903,46.438,668.99
2611844290,2024-07-25,05:36,0,80,97.1,,,,
2611844290,2024-07-25,05:37,0,85,97.2,,,,
2611844290,2024-07-25,05:38,0,87,96.8,,,,
2611844290,2024-07-25,05:39,0,81,,,,,
2611844290,2024-07-25,05:40,0,82,96.4,12.451,0.997,56.779,1416.646
2611844290,2024-07-25,05:41,0,81,96.1,,,,
2611844290,2024-07-25,05:42,0,82,96.2,,,,
2611844290,2024-07-25,05:43,0,84,95.9,,,,
2611844290,2024-07-25,05:44,0,92,96.3,,,,
2611844290,2024-07-25,05:45,0,86,96.3,12.012,0.93,28.576,932.323
2611844290,2024-07-25,05:46,0,93,95.9,,,,
2611844290,2024-07-25,05:47,0,93,96.0,,,,
2611844290,2024-07-25,05:48,0,91,,,,,
2611844290,2024-07-25,05:49,0,86,96.1,,,,
2611844290,2024-07-25,05:50,0,81,95.8,13.007,0.977,68.124,660.522
2611844290,2024-07-25,05:51,0,79,95.7,,,,
2611844290,2024-07-25,05:52,0,81,95.6,,,,
2611844290,2024-07-25,05:53,0,83,95.6,,,,
2611844290,2024-07-25,05:54,0,84,95.5,,,,
2611844290,2024-07-25,05:55,0,83,95.6,9.997,1.002,16.391,180.227
2611844290,2024-07-25,05:56,0,90,96.2,,,,
2611844290,2024-07-25,05:57,0,88,96.3,,,,
2611844290,2024-07-25,05:58,0,86,96.1,,,,
2611844290,2024-07-25,05:59,0,82,,,,,
2611844290,2024-07-25,06:00,0,86,95.9,19.768,0.963,172.782,921.753
2611844290,2024-07-25,06:01,0,79,95.4,,,,
2611844290,2024-07-25,06:02,0,79,95.1,,,,
2611844290,2024-07-25,06:03,0,82,94.7,,,,
2611844290,2024-07-25,06:04,0,77,94.7,,,,
2611844290,2024-07-25,06:05,0,78,95.1,25.176,0.994,344.629,636.344
2611844290,2024-07-25,06:06,0,75,95.1,,,,
2611844290,2024-07-25,06:07,0,76,95.5,,,,
2611844290,2024-07-25,06:08,0,77,95.1,,,,
2611844290,2024-07-25,06:09,0,78,94.6,,,,
2611844290,2024-07-25,06:10,0,74,94.0,27.457,1.001,329.821,319.523
2611844290,2024-07-25,06:11,0,76,93.7,,,,
2611844290,2024-07-25,06:12,0,76,93.3,,,,
2611844290,2024-07-25,06:13,0,75,93.4,,,,
2611844290,2024-07-25,06:14,0,75,93.7,,,,
2611844290,2024-07-25,06:15,0,72,93.5,26.625,1.003,292.418,313.579
2611844290,2024-07-25,06:16,0,75,93.5,,,,
2611844290,2024-07-25,06:17,0,75,93.7,,,,
2611844290,2024-07-25,06:18,0,75,93.6,,,,
2611844290,2024-07-25,06:19,0,74,94.0,,,,
2611844290,2024-07-25,06:20,0,73,94.0,28.123,1.004,336.079,548.973
2611844290,2024-07-25,06:21,0,74,94.3,,,,
2611844290,2024-07-25,06:22,0,73,94.5,,,,
2611844290,2024-07-25,06:23,0,75,94.7,,,,
2611844290,2024-07-25,06:24,0,74,94.8,,,,
2611844290,2024-07-25,06:25,0,75,94.9,24.731,1.002,295.183,1104.85
2611844290,2024-07-25,06:26,0,74,95.2,,,,
2611844290,2024-07-25,06:27,0,72,95.2,,,,
2611844290,2024-07-25,06:28,0,75,95.2,,,,
2611844290,2024-07-25,06:29,0,77,95.2,,,,
2611844290,2024-07-25,06:30,0,76,,28.325,0.878,274.694,1242.678
2611844290,2024-07-25,06:31,0,83,95.5,,,,
2611844290,2024-07-25,06:32,0,75,,,,,
2611844290,2024-07-25,06:33,0,71,95.7,,,,
2611844290,2024-07-25,06:34,0,73,95.9,,,,
2611844290,2024-07-25,06:35,0,71,96.0,25.595,1.003,264.206,751.472
2611844290,2024-07-25,06:36,0,74,96.2,,,,
2611844290,2024-07-25,06:37,0,72,96.2,,,,
2611844290,2024-07-25,06:38,0,73,96.2,,,,
2611844290,2024-07-25,06:39,0,72,96.2,,,,
2611844290,2024-07-25,06:40,0,73,96.2,22.879,1.004,230.541,529.174
2611844290,2024-07-25,06:41,0,73,96.2,,,,
2611844290,2024-07-25,06:42,0,73,96.2,,,,
2611844290,2024-07-25,06:43,0,73,96.3,,,,
2611844290,2024-07-25,06:44,0,74,96.2,,,,
2611844290,2024-07-25,06:45,0,72,96.2,26.315,1.002,295.351,542.639
2611844290,2024-07-25,06:46,0,71,96.3,,,,
2611844290,2024-07-25,06:47,0,73,96.3,,,,
2611844290,2024-07-25,06:48,0,71,96.2,,,,
2611844290,2024-07-25,06:49,0,73,96.2,,,,
2611844290,2024-07-25,06:50,0,72,96.2,24.127,1.003,244.801,499.368
2611844290,2024-07-25,06:51,0,73,96.2,,,,
2611844290,2024-07-25,06:52,0,73,96.2,,,,
2611844290,2024-07-25,06:53,0,73,96.3,,,,
2611844290,2024-07-25,06:54,0,74,96.3,,,,
2611844290,2024-07-25,06:55,0,73,96.3,23.157,1.002,234.581,761.488
2611844290,2024-07-25,06:56,0,74,96.3,,,,
2611844290,2024-07-25,06:57,0,74,96.4,,,,
2611844290,2024-07-25,06:58,0,73,96.3,,,,
2611844290,2024-07-25,06:59,0,74,96.4,,,,
2611844290,2024-07-25,07:00,0,74,96.4,24.45,1.003,275.966,974.33
2611844290,2024-07-25,07:01,0,73,96.4,,,,
2611844290,2024-07-25,07:02,0,72,96.3,,,,
2611844290,2024-07-25,07:03,0,74,96.2,,,,
2611844290,2024-07-25,07:04,0,75,96.2,,,,
2611844290,2024-07-25,07:05,0,76,96.2,21.077,1.002,183.911,302.22
2611844290,2024-07-25,07:06,0,75,96.4,,,,
2611844290,2024-07-25,07:07,0,74,96.3,,,,
2611844290,2024-07-25,07:08,0,74,96.3,,,,
2611844290,2024-07-25,07:09,0,75,96.4,,,,
2611844290,2024-07-25,07:10,0,76,96.4,19.734,0.988,136.629,213.846
2611844290,2024-07-25,07:11,0,75,96.3,,,,
2611844290,2024-07-25,07:12,0,76,96.2,,,,
2611844290,2024-07-25,07:13,0,76,96.2,,,,
2611844290,2024-07-25,07:14,0,76,96.3,,,,
2611844290,2024-07-25,07:15,0,75,96.3,21.326,1.0,197.227,340.213
2611844290,2024-07-25,07:16,0,74,96.2,,,,
2611844290,2024-07-25,07:17,0,75,96.2,,,,
2611844290,2024-07-25,07:18,0,75,96.3,,,,
2611844290,2024-07-25,07:19,0,75,96.3,,,,
2611844290,2024-07-25,07:20,0,75,96.4,21.075,1.005,184.202,205.495
2611844290,2024-07-25,07:21,0,74,96.4,,,,
2611844290,2024-07-25,07:22,0,74,96.3,,,,
2611844290,2024-07-25,07:23,0,75,96.3,,,,
2611844290,2024-07-25,07:24,0,74,96.2,,,,
2611844290,2024-07-25,07:25,0,75,96.2,21.335,0.977,213.452,412.271
2611844290,2024-07-25,07:26,0,75,96.2,,,,
2611844290,2024-07-25,07:27,0,74,96.2,,,,
2611844290,2024-07-25,07:28,0,75,96.2,,,,
2611844290,2024-07-25,07:29,0,74,,,,,
2611844290,2024-07-25,07:30,0,82,,25.664,0.861,288.847,1613.369
2611844290,2024-07-25,07:31,0,95,,,,,
2611844290,2024-07-25,07:32,0,82,96.1,,,,
2611844290,2024-07-25,07:33,0,77,95.8,,,,
2611844290,2024-07-25,07:34,0,85,95.6,,,,
2611844290,2024-07-25,07:35,0,83,95.5,18.915,1.002,122.077,1252.543
2611844290,2024-07-25,07:36,0,83,95.5,,,,
2611844290,2024-07-25,07:37,0,79,95.3,,,,
2611844290,2024-07-25,07:38,0,82,95.1,,,,
2611844290,2024-07-25,07:39,0,84,95.0,,,,
2611844290,2024-07-25,07:40,0,89,94.8,16.131,0.964,113.077,1415.907
2611844290,2024-07-25,07:41,0,86,95.0,,,,
2611844290,2024-07-25,07:42,0,82,95.3,,,,
2611844290,2024-07-25,07:43,0,85,95.3,,,,
2611844290,2024-07-25,07:44,0,93,,,,,
2611844290,2024-07-25,07:45,0,80,95.5,25.272,0.779,224.72,964.381
2611844290,2024-07-25,07:46,0,79,,,,,
2611844290,2024-07-25,07:47,0,75,95.7,,,,
2611844290,2024-07-25,07:48,0,73,,,,,
2611844290,2024-07-25,07:49,0,87,,,,,
2611844290,2024-07-25,07:50,0,90,95.7,20.35,0.893,248.5,982.983
2611844290,2024-07-25,07:51,0,76,95.5,,,,
2611844290,2024-07-25,07:52,0,79,95.6,,,,
2611844290,2024-07-25,07:53,0,74,95.3,,,,
2611844290,2024-07-25,07:54,0,76,94.9,,,,
2611844290,2024-07-25,07:55,0,76,94.8,19.107,1.004,159.359,664.31
2611844290,2024-07-25,07:56,0,74,95.1,,,,
2611844290,2024-07-25,07:57,0,73,95.1,,,,
2611844290,2024-07-25,07:58,0,74,95.0,,,,
2611844290,2024-07-25,07:59,0,74,95.0,,,,
2611844290,2024-07-25,08:00,0,75,95.1,18.956,0.949,128.41,365.059
2611844290,2024-07-25,08:01,0,73,95.1,,,,
2611844290,2024-07-25,08:02,0,75,95.0,,,,
2611844290,2024-07-25,08:03,0,74,95.2,,,,
2611844290,2024-07-25,08:04,0,72,,,,,
2611844290,2024-07-25,08:05,0,94,,23.133,0.838,210.541,498.558
2611844290,2024-07-25,08:06,0,80,94.9,,,,
2611844290,2024-07-25,08:07,0,72,94.3,,,,
2611844290,2024-07-25,08:08,0,71,94.1,,,,
2611844290,2024-07-25,08:09,0,71,94.0,,,,
2611844290,2024-07-25,08:10,0,72,93.7,18.6,0.961,136.357,556.555
2611844290,2024-07-25,08:11,0,72,93.7,,,,
2611844290,2024-07-25,08:12,0,72,,,,,
2611844290,2024-07-25,08:13,0,84,94.0,,,,
2611844290,2024-07-25,08:14,0,71,94.7,,,,
2611844290,2024-07-25,08:15,0,71,95.1,21.032,1.002,154.044,942.127
2611844290,2024-07-25,08:16,0,70,95.5,,,,
2611844290,2024-07-25,08:17,0,71,95.7,,,,
2611844290,2024-07-25,08:18,0,71,95.8,,,,
2611844290,2024-07-25,08:19,0,70,95.9,,,,
2611844290,2024-07-25,08:20,0,71,95.8,15.601,0.735,60.288,367.414
2611844290,2024-07-25,08:21,0,72,95.8,,,,
2611844290,2024-07-25,08:22,0,71,,,,,
2611844290,2024-07-25,08:23,0,81,,,,,
2611844290,2024-07-25,08:24,0,79,,,,,
2611844290,2024-07-25,08:25,0,86,95.3,,,,
2611844290,2024-07-25,08:26,0,89,94.8,,,,
2611844290,2024-07-25,08:27,0,91,,,,,
2611844290,2024-07-25,08:28,0,124,,,,,
2611844290,2024-07-25,08:29,0,132,,,,,
2611844290,2024-07-25,08:30,0,151,,,,,
2611844290,2024-07-25,08:31,10,154,,,,,
2611844290,2024-07-25,08:32,0,137,,,,,
2611844290,2024-07-25,08:33,0,142,,,,,
2611844290,2024-07-25,08:34,13,134,,,,,
2611844290,2024-07-25,08:35,0,130,,,,,
2611844290,2024-07-25,08:36,0,128,,,,,
2611844290,2024-07-25,08:37,5,116,,,,,
2611844290,2024-07-25,08:38,0,123,,,,,
2611844290,2024-07-25,08:39,0,111,,,,,
2611844290,2024-07-25,08:40,0,89,,,,,
2611844290,2024-07-25,08:41,0,94,,,,,
2611844290,2024-07-25,08:42,0,90,,,,,
2611844290,2024-07-25,08:43,0,107,,,,,
2611844290,2024-07-25,08:44,7,117,,,,,
2611844290,2024-07-25,08:45,56,135,,,,,
2611844290,2024-07-25,08:46,74,130,,,,,
2611844290,2024-07-25,08:47,7,128,,,,,
2611844290,2024-07-25,08:48,6,124,,,,,
2611844290,2024-07-25,08:49,6,120,,,,,
2611844290,2024-07-25,08:50,16,121,,,,,
2611844290,2024-07-25,08:51,0,122,,,,,
2611844290,2024-07-25,08:52,0,127,,,,,
2611844290,2024-07-25,08:53,0,125,,,,,
2611844290,2024-07-25,08:54,19,120,,,,,
2611844290,2024-07-25,08:55,0,109,,,,,
2611844290,2024-07-25,08:56,0,94,,,,,
2611844290,2024-07-25,08:57,0,95,,,,,
2611844290,2024-07-25,08:58,0,100,,,,,
2611844290,2024-07-25,08:59,0,99,,,,,
2611844290,2024-07-25,09:00,0,95,,,,,
2611844290,2024-07-25,09:01,0,97,,,,,
2611844290,2024-07-25,09:02,0,96,,,,,
2611844290,2024-07-25,09:03,17,97,,,,,
2611844290,2024-07-25,09:04,5,91,,,,,
2611844290,2024-07-25,09:05,0,95,,,,,
2611844290,2024-07-25,09:06,0,95,,,,,
2611844290,2024-07-25,09:07,0,93,,,,,
2611844290,2024-07-25,09:08,0,96,,,,,
2611844290,2024-07-25,09:09,0,96,,,,,
2611844290,2024-07-25,09:10,0,97,,,,,
2611844290,2024-07-25,09:11,0,98,,,,,
2611844290,2024-07-25,09:12,0,97,,,,,
2611844290,2024-07-25,09:13,0,97,,,,,
2611844290,2024-07-25,09:14,0,100,,,,,
2611844290,2024-07-25,09:15,0,101,,,,,
2611844290,2024-07-25,09:16,0,101,,,,,
2611844290,2024-07-25,09:17,0,92,,,,,
2611844290,2024-07-25,09:18,0,100,,,,,
2611844290,2024-07-25,09:19,0,101,,,,,
2611844290,2024-07-25,09:20,0,98,,,,,
2611844290,2024-07-25,09:21,0,99,,,,,
2611844290,2024-07-25,09:22,0,93,,,,,
2611844290,2024-07-25,09:23,0,97,,,,,
2611844290,2024-07-25,09:24,9,113,,,,,
2611844290,2024-07-25,09:25,4,112,,,,,
2611844290,2024-07-25,09:26,0,110,,,,,
2611844290,2024-07-25,09:27,0,115,,,,,
2611844290,2024-07-25,09:28,22,116,,,,,
2611844290,2024-07-25,09:29,5,119,,,,,
2611844290,2024-07-25,09:30,0,103,,,,,
2611844290,2024-07-25,09:31,8,107,,,,,
2611844290,2024-07-25,09:32,0,121,,,,,
2611844290,2024-07-25,09:33,0,112,,,,,
2611844290,2024-07-25,09:34,0,119,,,,,
2611844290,2024-07-25,09:35,0,100,,,,,
2611844290,2024-07-25,09:36,0,95,,,,,
2611844290,2024-07-25,09:37,0,98,,,,,
2611844290,2024-07-25,09:38,0,99,,,,,
2611844290,2024-07-25,09:39,0,100,,,,,
2611844290,2024-07-25,09:40,0,94,,,,,
2611844290,2024-07-25,09:41,0,98,,,,,
2611844290,2024-07-25,09:42,0,96,,,,,
2611844290,2024-07-25,09:43,0,97,,,,,
2611844290,2024-07-25,09:44,0,106,,,,,
2611844290,2024-07-25,09:45,0,108,,,,,
2611844290,2024-07-25,09:46,0,111,,,,,
2611844290,2024-07-25,09:47,0,116,,,,,
2611844290,2024-07-25,09:48,0,117,,,,,
2611844290,2024-07-25,09:49,0,122,,,,,
2611844290,2024-07-25,09:50,0,120,,,,,
2611844290,2024-07-25,09:51,0,126,,,,,
2611844290,2024-07-25,09:52,0,116,,,,,
2611844290,2024-07-25,09:53,0,118,,,,,
2611844290,2024-07-25,09:54,0,124,,,,,
2611844290,2024-07-25,09:55,0,117,,,,,
2611844290,2024-07-25,09:56,0,132,,,,,
2611844290,2024-07-25,09:57,0,130,,,,,
2611844290,2024-07-25,09:58,0,126,,,,,
2611844290,2024-07-25,09:59,0,119,,,,,
2611844290,2024-07-25,10:00,13,125,,,,,
2611844290,2024-07-25,10:01,19,112,,,,,
2611844290,2024-07-25,10:02,11,122,,,,,
2611844290,2024-07-25,10:03,1,117,,,,,
2611844290,2024-07-25,10:04,0,107,,,,,
2611844290,2024-07-25,10:05,0,103,,,,,
2611844290,2024-07-25,10:06,0,99,,,,,
2611844290,2024-07-25,10:07,0,98,,,,,
2611844290,2024-07-25,10:08,0,105,,,,,
2611844290,2024-07-25,10:09,0,95,,,,,
2611844290,2024-07-25,10:10,0,98,,,,,
2611844290,2024-07-25,10:11,0,97,,,,,
2611844290,2024-07-25,10:12,0,96,,,,,
2611844290,2024-07-25,10:13,0,94,,,,,
2611844290,2024-07-25,10:14,0,96,,,,,
2611844290,2024-07-25,10:15,0,101,,,,,
2611844290,2024-07-25,10:16,4,100,,,,,
2611844290,2024-07-25,10:17,0,103,,,,,
2611844290,2024-07-25,10:18,9,100,,,,,
2611844290,2024-07-25,10:19,0,101,,,,,
2611844290,2024-07-25,10:20,6,99,,,,,
2611844290,2024-07-25,10:21,0,103,,,,,
2611844290,2024-07-25,10:22,30,104,,,,,
2611844290,2024-07-25,10:23,0,101,,,,,
2611844290,2024-07-25,10:24,0,102,,,,,
2611844290,2024-07-25,10:25,0,108,,,,,
2611844290,2024-07-25,10:26,12,101,,,,,
2611844290,2024-07-25,10:27,7,99,,,,,
2611844290,2024-07-25,10:28,0,105,,,,,
2611844290,2024-07-25,10:29,0,110,,,,,
2611844290,2024-07-25,10:30,0,106,,,,,
2611844290,2024-07-25,10:31,6,104,,,,,
2611844290,2024-07-25,10:32,0,101,,,,,
2611844290,2024-07-25,10:33,8,106,,,,,
2611844290,2024-07-25,10:34,0,115,,,,,
2611844290,2024-07-25,10:35,13,117,,,,,
2611844290,2024-07-25,10:36,23,118,,,,,
2611844290,2024-07-25,10:37,25,115,,,,,
2611844290,2024-07-25,10:38,20,104,,,,,
2611844290,2024-07-25,10:39,21,107,,,,,
2611844290,2024-07-25,10:40,0,102,,,,,
2611844290,2024-07-25,10:41,0,106,,,,,
2611844290,2024-07-25,10:42,0,108,,,,,
2611844290,2024-07-25,10:43,0,104,,,,,
2611844290,2024-07-25,10:44,0,104,,,,,
2611844290,2024-07-25,10:45,6,109,,,,,
2611844290,2024-07-25,10:46,0,103,,,,,
2611844290,2024-07-25,10:47,0,107,,,,,
2611844290,2024-07-25,10:48,0,108,,,,,
2611844290,2024-07-25,10:49,0,107,,,,,
2611844290,2024-07-25,10:50,0,107,,,,,
2611844290,2024-07-25,10:51,0,103,,,,,
2611844290,2024-07-25,10:52,0,105,,,,,
2611844290,2024-07-25,10:53,0,110,,,,,
2611844290,2024-07-25,10:54,0,105,,,,,
2611844290,2024-07-25,10:55,0,109,,,,,
2611844290,2024-07-25,10:56,6,110,,,,,
2611844290,2024-07-25,10:57,0,107,,,,,
2611844290,2024-07-25,10:58,0,109,,,,,
2611844290,2024-07-25,10:59,5,108,,,,,
2611844290,2024-07-25,11:00,0,107,,,,,
2611844290,2024-07-25,11:01,30,110,,,,,
2611844290,2024-07-25,11:02,36,106,,,,,
2611844290,2024-07-25,11:03,0,101,,,,,
2611844290,2024-07-25,11:04,0,105,,,,,
2611844290,2024-07-25,11:05,17,105,,,,,
2611844290,2024-07-25,11:06,1,114,,,,,
2611844290,2024-07-25,11:07,12,108,,,,,
2611844290,2024-07-25,11:08,28,102,,,,,
2611844290,2024-07-25,11:09,0,102,,,,,
2611844290,2024-07-25,11:10,0,103,,,,,
2611844290,2024-07-25,11:11,0,106,,,,,
2611844290,2024-07-25,11:12,0,99,,,,,
2611844290,2024-07-25,11:13,0,97,,,,,
2611844290,2024-07-25,11:14,0,93,,,,,
2611844290,2024-07-25,11:15,0,93,,,,,
2611844290,2024-07-25,11:16,0,87,,,,,
2611844290,2024-07-25,11:17,0,98,,,,,
2611844290,2024-07-25,11:18,0,97,,,,,
2611844290,2024-07-25,11:19,0,98,,,,,
2611844290,2024-07-25,11:20,0,96,,,,,
2611844290,2024-07-25,11:21,0,93,,,,,
2611844290,2024-07-25,11:22,0,94,,,,,
2611844290,2024-07-25,11:23,0,92,,,,,
2611844290,2024-07-25,11:24,0,93,,,,,
2611844290,2024-07-25,11:25,0,92,,,,,
2611844290,2024-07-25,11:26,0,90,,,,,
2611844290,2024-07-25,11:27,0,94,,,,,
2611844290,2024-07-25,11:28,0,93,,,,,
2611844290,2024-07-25,11:29,0,90,,,,,
2611844290,2024-07-25,11:30,0,92,,,,,
2611844290,2024-07-25,11:31,0,96,,,,,
2611844290,2024-07-25,11:32,0,96,,,,,
2611844290,2024-07-25,11:33,11,98,,,,,
2611844290,2024-07-25,11:34,0,93,,,,,
2611844290,2024-07-25,11:35,0,97,,,,,
2611844290,2024-07-25,11:36,0,93,,,,,
2611844290,2024-07-25,11:37,0,96,,,,,
2611844290,2024-07-25,11:38,0,98,,,,,
2611844290,2024-07-25,11:39,0,93,,,,,
2611844290,2024-07-25,11:40,0,93,,,,,
2611844290,2024-07-25,11:41,0,94,,,,,
2611844290,2024-07-25,11:42,0,92,,,,,
2611844290,2024-07-25,11:43,0,89,,,,,
2611844290,2024-07-25,11:44,0,95,,,,,
2611844290,2024-07-25,11:45,0,96,,,,,
2611844290,2024-07-25,11:46,0,89,,,,,
2611844290,2024-07-25,11:47,0,96,,,,,
2611844290,2024-07-25,11:48,0,92,,,,,
2611844290,2024-07-25,11:49,0,95,,,,,
2611844290,2024-07-25,11:50,0,93,,,,,
2611844290,2024-07-25,11:51,0,92,,,,,
2611844290,2024-07-25,11:52,0,92,,,,,
2611844290,2024-07-25,11:53,0,93,,,,,
2611844290,2024-07-25,11:54,0,92,,,,,
2611844290,2024-07-25,11:55,0,89,,,,,
2611844290,2024-07-25,11:56,0,88,,,,,
2611844290,2024-07-25,11:57,0,96,,,,,
2611844290,2024-07-25,11:58,0,89,,,,,
2611844290,2024-07-25,11:59,0,96,,,,,
2611844290,2024-07-25,12:00,0,96,,,,,
2611844290,2024-07-25,12:01,0,94,,,,,
2611844290,2024-07-25,12:02,0,95,,,,,
2611844290,2024-07-25,12:03,0,97,,,,,
2611844290,2024-07-25,12:04,0,91,,,,,
2611844290,2024-07-25,12:05,0,89,,,,,
2611844290,2024-07-25,12:06,0,90,,,,,
2611844290,2024-07-25,12:07,0,90,,,,,
2611844290,2024-07-25,12:08,0,88,,,,,
2611844290,2024-07-25,12:09,0,89,,,,,
2611844290,2024-07-25,12:10,0,89,,,,,
2611844290,2024-07-25,12:11,7,104,,,,,
2611844290,2024-07-25,12:12,0,98,,,,,
2611844290,2024-07-25,12:13,0,91,,,,,
2611844290,2024-07-25,12:14,0,91,,,,,
2611844290,2024-07-25,12:15,0,93,,,,,
2611844290,2024-07-25,12:16,0,86,,,,,
2611844290,2024-07-25,12:17,0,91,,,,,
2611844290,2024-07-25,12:18,0,91,,,,,
2611844290,2024-07-25,12:19,13,98,,,,,
2611844290,2024-07-25,12:20,0,103,,,,,
2611844290,2024-07-25,12:21,0,95,,,,,
2611844290,2024-07-25,12:22,0,87,,,,,
2611844290,2024-07-25,12:23,0,88,,,,,
2611844290,2024-07-25,12:24,0,89,,,,,
2611844290,2024-07-25,12:25,0,83,,,,,
2611844290,2024-07-25,12:26,0,90,,,,,
2611844290,2024-07-25,12:27,0,91,,,,,
2611844290,2024-07-25,12:28,0,91,,,,,
2611844290,2024-07-25,12:29,0,85,,,,,
2611844290,2024-07-25,12:30,0,104,,,,,
2611844290,2024-07-25,12:31,7,104,,,,,
2611844290,2024-07-25,12:32,4,111,,,,,
2611844290,2024-07-25,12:33,20,107,,,,,
2611844290,2024-07-25,12:34,24,107,,,,,
2611844290,2024-07-25,12:35,86,118,,,,,
2611844290,2024-07-25,12:36,105,128,,,,,
2611844290,2024-07-25,12:37,76,126,,,,,
2611844290,2024-07-25,12:38,46,123,,,,,
2611844290,2024-07-25,12:39,0,111,,,,,
2611844290,2024-07-25,12:40,0,96,,,,,
2611844290,2024-07-25,12:41,0,91,,,,,
2611844290,2024-07-25,12:42,0,91,,,,,
2611844290,2024-07-25,12:43,0,88,,,,,
2611844290,2024-07-25,12:44,0,90,,,,,
2611844290,2024-07-25,12:45,0,92,,,,,
2611844290,2024-07-25,12:46,0,94,,,,,
2611844290,2024-07-25,12:47,0,88,,,,,
2611844290,2024-07-25,12:48,0,92,,,,,
2611844290,2024-07-25,12:49,0,91,,,,,
2611844290,2024-07-25,12:50,0,91,,,,,
2611844290,2024-07-25,12:51,0,89,,,,,
2611844290,2024-07-25,12:52,0,92,,,,,
2611844290,2024-07-25,12:53,0,91,,,,,
2611844290,2024-07-25,12:54,0,90,,,,,
2611844290,2024-07-25,12:55,0,89,,,,,
2611844290,2024-07-25,12:56,0,97,,,,,
2611844290,2024-07-25,12:57,0,88,,,,,
2611844290,2024-07-25,12:58,0,87,,,,,
2611844290,2024-07-25,12:59,0,83,,,,,
2611844290,2024-07-25,13:00,0,85,,,,,
2611844290,2024-07-25,13:01,0,86,,,,,
2611844290,2024-07-25,13:02,0,86,,,,,
2611844290,2024-07-25,13:03,0,85,,,,,
2611844290,2024-07-25,13:04,0,87,,,,,
2611844290,2024-07-25,13:05,0,86,,,,,
2611844290,2024-07-25,13:06,0,88,,,,,
2611844290,2024-07-25,13:07,0,90,,,,,
2611844290,2024-07-25,13:08,0,92,,,,,
2611844290,2024-07-25,13:09,0,88,,,,,
2611844290,2024-07-25,13:10,0,87,,,,,
2611844290,2024-07-25,13:11,0,84,,,,,
2611844290,2024-07-25,13:12,0,86,,,,,
2611844290,2024-07-25,13:13,0,89,,,,,
2611844290,2024-07-25,13:14,0,87,,,,,
2611844290,2024-07-25,13:15,0,84,,,,,
2611844290,2024-07-25,13:16,0,82,,,,,
2611844290,2024-07-25,13:17,0,81,,,,,
2611844290,2024-07-25,13:18,0,84,,,,,
2611844290,2024-07-25,13:19,0,84,,,,,
2611844290,2024-07-25,13:20,0,84,,,,,
2611844290,2024-07-25,13:21,0,85,,,,,
2611844290,2024-07-25,13:22,0,87,,,,,
2611844290,2024-07-25,13:23,0,81,,,,,
2611844290,2024-07-25,13:24,0,85,,,,,
2611844290,2024-07-25,13:25,0,89,,,,,
2611844290,2024-07-25,13:26,0,85,,,,,
2611844290,2024-07-25,13:27,0,87,,,,,
2611844290,2024-07-25,13:28,0,87,,,,,
2611844290,2024-07-25,13:29,0,88,,,,,
2611844290,2024-07-25,13:30,0,89,,,,,
2611844290,2024-07-25,13:31,0,86,,,,,
2611844290,2024-07-25,13:32,0,89,,,,,
2611844290,2024-07-25,13:33,0,87,,,,,
2611844290,2024-07-25,13:34,0,93,,,,,
2611844290,2024-07-25,13:35,0,90,,,,,
2611844290,2024-07-25,13:36,0,84,,,,,
2611844290,2024-07-25,13:37,0,89,,,,,
2611844290,2024-07-25,13:38,0,90,,,,,
2611844290,2024-07-25,13:39,0,88,,,,,
2611844290,2024-07-25,13:40,0,89,,,,,
2611844290,2024-07-25,13:41,0,89,,,,,
2611844290,2024-07-25,13:42,0,87,,,,,
2611844290,2024-07-25,13:43,0,92,,,,,
2611844290,2024-07-25,13:44,0,90,,,,,
2611844290,2024-07-25,13:45,0,95,,,,,
2611844290,2024-07-25,13:46,17,99,,,,,
2611844290,2024-07-25,13:47,79,114,,,,,
2611844290,2024-07-25,13:48,64,117,,,,,
2611844290,2024-07-25,13:49,43,120,,,,,
2611844290,2024-07-25,13:50,7,99,,,,,
2611844290,2024-07-25,13:51,0,103,,,,,
2611844290,2024-07-25,13:52,0,114,,,,,
2611844290,2024-07-25,13:53,0,118,,,,,
2611844290,2024-07-25,13:54,0,117,,,,,
2611844290,2024-07-25,13:55,0,119,,,,,
2611844290,2024-07-25,13:56,0,122,,,,,
2611844290,2024-07-25,13:57,9,116,,,,,
2611844290,2024-07-25,13:58,0,111,,,,,
2611844290,2024-07-25,13:59,0,107,,,,,
2611844290,2024-07-25,14:00,0,106,,,,,
2611844290,2024-07-25,14:01,0,104,,,,,
2611844290,2024-07-25,14:02,11,103,,,,,
2611844290,2024-07-25,14:03,0,102,,,,,
2611844290,2024-07-25,14:04,0,99,,,,,
2611844290,2024-07-25,14:05,0,101,,,,,
2611844290,2024-07-25,14:06,0,99,,,,,
2611844290,2024-07-25,14:07,0,102,,,,,
2611844290,2024-07-25,14:08,0,106,,,,,
2611844290,2024-07-25,14:09,0,106,,,,,
2611844290,2024-07-25,14:10,0,104,,,,,
2611844290,2024-07-25,14:11,0,109,,,,,
2611844290,2024-07-25,14:12,24,106,,,,,
2611844290,2024-07-25,14:13,90,119,,,,,
2611844290,2024-07-25,14:14,0,118,,,,,
2611844290,2024-07-25,14:15,0,107,,,,,
2611844290,2024-07-25,14:16,0,105,,,,,
2611844290,2024-07-25,14:17,0,107,,,,,
2611844290,2024-07-25,14:18,0,104,,,,,
2611844290,2024-07-25,14:19,0,104,,,,,
2611844290,2024-07-25,14:20,0,104,,,,,
2611844290,2024-07-25,14:21,0,105,,,,,
2611844290,2024-07-25,14:22,0,107,,,,,
2611844290,2024-07-25,14:23,0,104,,,,,
2611844290,2024-07-25,14:24,0,110,,,,,
2611844290,2024-07-25,14:25,17,113,,,,,
2611844290,2024-07-25,14:26,64,121,,,,,
2611844290,2024-07-25,14:27,119,133,,,,,
2611844290,2024-07-25,14:28,119,141,,,,,
2611844290,2024-07-25,14:29,39,135,,,,,
2611844290,2024-07-25,14:30,0,116,,,,,
2611844290,2024-07-25,14:31,0,112,,,,,
2611844290,2024-07-25,14:32,0,108,,,,,
2611844290,2024-07-25,14:33,0,109,,,,,
2611844290,2024-07-25,14:34,0,107,,,,,
2611844290,2024-07-25,14:35,0,106,,,,,
2611844290,2024-07-25,14:36,0,107,,,,,
2611844290,2024-07-25,14:37,0,108,,,,,
2611844290,2024-07-25,14:38,0,106,,,,,
2611844290,2024-07-25,14:39,0,106,,,,,
2611844290,2024-07-25,14:40,0,107,,,,,
2611844290,2024-07-25,14:41,0,107,,,,,
2611844290,2024-07-25,14:42,0,104,,,,,
2611844290,2024-07-25,14:43,0,110,,,,,
2611844290,2024-07-25,14:44,0,107,,,,,
2611844290,2024-07-25,14:45,0,120,,,,,
2611844290,2024-07-25,14:46,48,121,,,,,
2611844290,2024-07-25,14:47,2,118,,,,,
2611844290,2024-07-25,14:48,46,121,,,,,
2611844290,2024-07-25,14:49,52,128,,,,,
2611844290,2024-07-25,14:50,14,123,,,,,
2611844290,2024-07-25,14:51,0,128,,,,,
2611844290,2024-07-25,14:52,25,122,,,,,
2611844290,2024-07-25,14:53,21,136,,,,,
2611844290,2024-07-25,14:54,41,129,,,,,
2611844290,2024-07-25,14:55,0,128,,,,,
2611844290,2024-07-25,14:56,0,129,,,,,
2611844290,2024-07-25,14:57,0,125,,,,,
2611844290,2024-07-25,14:58,0,129,,,,,
2611844290,2024-07-25,14:59,0,119,,,,,
2611844290,2024-07-25,15:00,0,112,,,,,
2611844290,2024-07-25,15:01,0,114,,,,,
2611844290,2024-07-25,15:02,0,111,,,,,
2611844290,2024-07-25,15:03,0,113,,,,,
2611844290,2024-07-25,15:04,0,110,,,,,
2611844290,2024-07-25,15:05,0,111,,,,,
2611844290,2024-07-25,15:06,0,109,,,,,
2611844290,2024-07-25,15:07,0,109,,,,,
2611844290,2024-07-25,15:08,0,106,,,,,
2611844290,2024-07-25,15:09,0,107,,,,,
2611844290,2024-07-25,15:10,0,108,,,,,
2611844290,2024-07-25,15:11,0,107,,,,,
2611844290,2024-07-25,15:12,0,107,,,,,
2611844290,2024-07-25,15:13,0,108,,,,,
2611844290,2024-07-25,15:14,0,107,,,,,
2611844290,2024-07-25,15:15,0,110,,,,,
2611844290,2024-07-25,15:16,0,108,,,,,
2611844290,2024-07-25,15:17,0,106,,,,,
2611844290,2024-07-25,15:18,0,108,,,,,
2611844290,2024-07-25,15:19,0,106,,,,,
2611844290,2024-07-25,15:20,0,103,,,,,
2611844290,2024-07-25,15:21,0,106,,,,,
2611844290,2024-07-25,15:22,0,105,,,,,
2611844290,2024-07-25,15:23,0,104,,,,,
2611844290,2024-07-25,15:24,0,103,,,,,
2611844290,2024-07-25,15:25,0,101,,,,,
2611844290,2024-07-25,15:26,0,105,,,,,
2611844290,2024-07-25,15:27,0,102,,,,,
2611844290,2024-07-25,15:28,0,104,,,,,
2611844290,2024-07-25,15:29,0,102,,,,,
2611844290,2024-07-25,15:30,0,100,,,,,
2611844290,2024-07-25,15:31,0,101,,,,,
2611844290,2024-07-25,15:32,0,100,,,,,
2611844290,2024-07-25,15:33,0,99,,,,,
2611844290,2024-07-25,15:34,0,103,,,,,
2611844290,2024-07-25,15:35,0,106,,,,,
2611844290,2024-07-25,15:36,0,103,,,,,
2611844290,2024-07-25,15:37,0,110,,,,,
2611844290,2024-07-25,15:38,0,109,,,,,
2611844290,2024-07-25,15:39,0,104,,,,,
2611844290,2024-07-25,15:40,0,104,,,,,
2611844290,2024-07-25,15:41,0,106,,,,,
2611844290,2024-07-25,15:42,0,105,,,,,
2611844290,2024-07-25,15:43,0,106,,,,,
2611844290,2024-07-25,15:44,0,110,,,,,
2611844290,2024-07-25,15:45,0,106,,,,,
2611844290,2024-07-25,15:46,16,110,,,,,
2611844290,2024-07-25,15:47,62,122,,,,,
2611844290,2024-07-25,15:48,17,119,,,,,
2611844290,2024-07-25,15:49,5,120,,,,,
2611844290,2024-07-25,15:50,0,105,,,,,
2611844290,2024-07-25,15:51,0,104,,,,,
2611844290,2024-07-25,15:52,0,106,,,,,
2611844290,2024-07-25,15:53,0,105,,,,,
2611844290,2024-07-25,15:54,0,105,,,,,
2611844290,2024-07-25,15:55,0,106,,,,,
2611844290,2024-07-25,15:56,0,105,,,,,
2611844290,2024-07-25,15:57,0,104,,,,,
2611844290,2024-07-25,15:58,0,107,,,,,
2611844290,2024-07-25,15:59,0,105,,,,,
2611844290,2024-07-25,16:00,0,106,,,,,
2611844290,2024-07-25,16:01,0,107,,,,,
2611844290,2024-07-25,16:02,0,107,,,,,
2611844290,2024-07-25,16:03,0,108,,,,,
2611844290,2024-07-25,16:04,0,103,,,,,
2611844290,2024-07-25,16:05,0,106,,,,,
2611844290,2024-07-25,16:06,0,105,,,,,
2611844290,2024-07-25,16:07,0,108,,,,,
2611844290,2024-07-25,16:08,0,105,,,,,
2611844290,2024-07-25,16:09,0,107,,,,,
2611844290,2024-07-25,16:10,0,106,,,,,
2611844290,2024-07-25,16:11,0,104,,,,,
2611844290,2024-07-25,16:12,0,103,,,,,
2611844290,2024-07-25,16:13,0,109,,,,,
2611844290,2024-07-25,16:14,0,109,,,,,
2611844290,2024-07-25,16:15,0,107,,,,,
2611844290,2024-07-25,16:16,0,105,,,,,
2611844290,2024-07-25,16:17,0,103,,,,,
2611844290,2024-07-25,16:18,0,108,,,,,
2611844290,2024-07-25,16:19,0,102,,,,,
2611844290,2024-07-25,16:20,0,104,,,,,
2611844290,2024-07-25,16:21,8,112,,,,,
2611844290,2024-07-25,16:22,28,118,,,,,
2611844290,2024-07-25,16:23,0,107,,,,,
2611844290,2024-07-25,16:24,0,111,,,,,
2611844290,2024-07-25,16:25,33,125,,,,,
2611844290,2024-07-25,16:26,55,117,,,,,
2611844290,2024-07-25,16:27,0,115,,,,,
2611844290,2024-07-25,16:28,0,109,,,,,
2611844290,2024-07-25,16:29,0,119,,,,,
2611844290,2024-07-25,16:30,0,120,,,,,
2611844290,2024-07-25,16:31,12,112,,,,,
2611844290,2024-07-25,16:32,0,111,,,,,
2611844290,2024-07-25,16:33,28,112,,,,,
2611844290,2024-07-25,16:34,0,102,,,,,
2611844290,2024-07-25,16:35,0,102,,,,,
2611844290,2024-07-25,16:36,0,104,,,,,
2611844290,2024-07-25,16:37,0,104,,,,,
2611844290,2024-07-25,16:38,0,102,,,,,
2611844290,2024-07-25,16:39,0,105,,,,,
2611844290,2024-07-25,16:40,0,103,,,,,
2611844290,2024-07-25,16:41,0,105,,,,,
2611844290,2024-07-25,16:42,0,108,,,,,
2611844290,2024-07-25,16:43,0,108,,,,,
2611844290,2024-07-25,16:44,0,114,,,,,
2611844290,2024-07-25,16:45,0,112,,,,,
2611844290,2024-07-25,16:46,0,112,,,,,
2611844290,2024-07-25,16:47,6,119,,,,,
2611844290,2024-07-25,16:48,1,115,,,,,
2611844290,2024-07-25,16:49,0,105,,,,,
2611844290,2024-07-25,16:50,0,107,,,,,
2611844290,2024-07-25,16:51,0,110,,,,,
2611844290,2024-07-25,16:52,0,107,,,,,
2611844290,2024-07-25,16:53,0,107,,,,,
2611844290,2024-07-25,16:54,0,104,,,,,
2611844290,2024-07-25,16:55,0,104,,,,,
2611844290,2024-07-25,16:56,0,107,,,,,
2611844290,2024-07-25,16:57,0,108,,,,,
2611844290,2024-07-25,16:58,0,105,,,,,
2611844290,2024-07-25,16:59,0,106,,,,,
2611844290,2024-07-25,17:00,0,106,,,,,
2611844290,2024-07-25,17:01,0,104,,,,,
2611844290,2024-07-25,17:02,0,109,,,,,
2611844290,2024-07-25,17:03,0,105,,,,,
2611844290,2024-07-25,17:04,0,104,,,,,
2611844290,2024-07-25,17:05,0,103,,,,,
2611844290,2024-07-25,17:06,0,101,,,,,
2611844290,2024-07-25,17:07,0,99,,,,,
2611844290,2024-07-25,17:08,0,106,,,,,
2611844290,2024-07-25,17:09,0,102,,,,,
2611844290,2024-07-25,17:10,0,105,,,,,
2611844290,2024-07-25,17:11,0,100,,,,,
2611844290,2024-07-25,17:12,0,102,,,,,
2611844290,2024-07-25,17:13,0,104,,,,,
2611844290,2024-07-25,17:14,0,101,,,,,
2611844290,2024-07-25,17:15,0,98,,,,,
2611844290,2024-07-25,17:16,0,104,,,,,
2611844290,2024-07-25,17:17,0,109,,,,,
2611844290,2024-07-25,17:18,0,100,,,,,
2611844290,2024-07-25,17:19,0,104,,,,,
2611844290,2024-07-25,17:20,0,105,,,,,
2611844290,2024-07-25,17:21,0,106,,,,,
2611844290,2024-07-25,17:22,0,105,,,,,
2611844290,2024-07-25,17:23,0,102,,,,,
2611844290,2024-07-25,17:24,0,100,,,,,
2611844290,2024-07-25,17:25,0,106,,,,,
2611844290,2024-07-25,17:26,0,96,,,,,
2611844290,2024-07-25,17:27,0,98,,,,,
2611844290,2024-07-25,17:28,0,100,,,,,
2611844290,2024-07-25,17:29,0,101,,,,,
2611844290,2024-07-25,17:30,0,101,,,,,
2611844290,2024-07-25,17:31,0,98,,,,,
2611844290,2024-07-25,17:32,0,97,,,,,
2611844290,2024-07-25,17:33,0,98,,,,,
2611844290,2024-07-25,17:34,0,114,,,,,
2611844290,2024-07-25,17:35,0,113,,,,,
2611844290,2024-07-25,17:36,0,117,,,,,
2611844290,2024-07-25,17:37,0,102,,,,,
2611844290,2024-07-25,17:38,0,108,,,,,
2611844290,2024-07-25,17:39,0,102,,,,,
2611844290,2024-07-25,17:40,0,107,,,,,
2611844290,2024-07-25,17:41,0,106,,,,,
2611844290,2024-07-25,17:42,0,102,,,,,
2611844290,2024-07-25,17:43,0,102,,,,,
2611844290,2024-07-25,17:44,0,100,,,,,
2611844290,2024-07-25,17:45,0,105,,,,,
2611844290,2024-07-25,17:46,0,102,,,,,
2611844290,2024-07-25,17:47,0,104,,,,,
2611844290,2024-07-25,17:48,0,98,,,,,
2611844290,2024-07-25,17:49,0,102,,,,,
2611844290,2024-07-25,17:50,0,98,,,,,
2611844290,2024-07-25,17:51,0,100,,,,,
2611844290,2024-07-25,17:52,0,98,,,,,
2611844290,2024-07-25,17:53,5,107,,,,,
2611844290,2024-07-25,17:54,43,105,,,,,
2611844290,2024-07-25,17:55,67,116,,,,,
2611844290,2024-07-25,17:56,34,108,,,,,
2611844290,2024-07-25,17:57,41,112,,,,,
2611844290,2024-07-25,17:58,0,102,,,,,
2611844290,2024-07-25,17:59,0,104,,,,,
2611844290,2024-07-25,18:00,46,104,,,,,
2611844290,2024-07-25,18:01,12,107,,,,,
2611844290,2024-07-25,18:02,0,110,,,,,
2611844290,2024-07-25,18:03,0,103,,,,,
2611844290,2024-07-25,18:04,20,103,,,,,
2611844290,2024-07-25,18:05,0,100,,,,,
2611844290,2024-07-25,18:06,0,95,,,,,
2611844290,2024-07-25,18:07,0,95,,,,,
2611844290,2024-07-25,18:08,0,99,,,,,
2611844290,2024-07-25,18:09,0,95,,,,,
2611844290,2024-07-25,18:10,0,97,,,,,
2611844290,2024-07-25,18:11,0,94,,,,,
2611844290,2024-07-25,18:12,0,98,,,,,
2611844290,2024-07-25,18:13,0,92,,,,,
2611844290,2024-07-25,18:14,0,97,,,,,
2611844290,2024-07-25,18:15,0,94,,,,,
2611844290,2024-07-25,18:16,0,94,,,,,
2611844290,2024-07-25,18:17,0,95,,,,,
2611844290,2024-07-25,18:18,0,95,,,,,
2611844290,2024-07-25,18:19,0,94,,,,,
2611844290,2024-07-25,18:20,0,94,,,,,
2611844290,2024-07-25,18:21,0,94,,,,,
2611844290,2024-07-25,18:22,0,96,,,,,
2611844290,2024-07-25,18:23,0,95,,,,,
2611844290,2024-07-25,18:24,0,87,,,,,
2611844290,2024-07-25,18:25,0,89,,,,,
2611844290,2024-07-25,18:26,0,95,,,,,
2611844290,2024-07-25,18:27,0,94,,,,,
2611844290,2024-07-25,18:28,0,93,,,,,
2611844290,2024-07-25,18:29,0,91,,,,,
2611844290,2024-07-25,18:30,0,93,,,,,
2611844290,2024-07-25,18:31,0,102,,,,,
2611844290,2024-07-25,18:32,0,98,,,,,
2611844290,2024-07-25,18:33,0,102,,,,,
2611844290,2024-07-25,18:34,0,100,,,,,
2611844290,2024-07-25,18:35,0,99,,,,,
2611844290,2024-07-25,18:36,0,96,,,,,
2611844290,2024-07-25,18:37,0,94,,,,,
2611844290,2024-07-25,18:38,0,94,,,,,
2611844290,2024-07-25,18:39,0,96,,,,,
2611844290,2024-07-25,18:40,0,95,,,,,
2611844290,2024-07-25,18:41,0,,,,,,
2611844290,2024-07-25,18:42,0,,,,,,
2611844290,2024-07-25,18:43,0,,,,,,
2611844290,2024-07-25,18:44,0,,,,,,
2611844290,2024-07-25,18:45,0,,,,,,
2611844290,2024-07-25,18:46,0,,,,,,
2611844290,2024-07-25,18:47,0,,,,,,
2611844290,2024-07-25,18:48,0,,,,,,
2611844290,2024-07-25,18:49,0,,,,,,
2611844290,2024-07-25,18:50,0,,,,,,
2611844290,2024-07-25,18:51,0,,,,,,
2611844290,2024-07-25,18:52,0,,,,,,
2611844290,2024-07-25,18:53,0,,,,,,
2611844290,2024-07-25,18:54,0,,,,,,
2611844290,2024-07-25,18:55,0,,,,,,
2611844290,2024-07-25,18:56,0,,,,,,
2611844290,2024-07-25,18:57,0,,,,,,
2611844290,2024-07-25,18:58,0,,,,,,
2611844290,2024-07-25,18:59,0,,,,,,
2611844290,2024-07-25,19:00,0,,,,,,
2611844290,2024-07-25,19:01,0,,,,,,
2611844290,2024-07-25,19:02,0,,,,,,
2611844290,2024-07-25,19:03,0,,,,,,
2611844290,2024-07-25,19:04,0,,,,,,
2611844290,2024-07-25,19:05,0,,,,,,
2611844290,2024-07-25,19:06,0,,,,,,
2611844290,2024-07-25,19:07,0,,,,,,
2611844290,2024-07-25,19:08,0,,,,,,
2611844290,2024-07-25,19:09,0,,,,,,
2611844290,2024-07-25,19:10,0,,,,,,
2611844290,2024-07-25,19:11,0,,,,,,
2611844290,2024-07-25,19:12,0,,,,,,
2611844290,2024-07-25,19:13,0,,,,,,
2611844290,2024-07-25,19:14,0,,,,,,
2611844290,2024-07-25,19:15,0,,,,,,
2611844290,2024-07-25,19:16,0,,,,,,
2611844290,2024-07-25,19:17,0,,,,,,
2611844290,2024-07-25,19:18,0,,,,,,
2611844290,2024-07-25,19:19,0,,,,,,
2611844290,2024-07-25,19:20,0,,,,,,
2611844290,2024-07-25,19:21,0,,,,,,
2611844290,2024-07-25,19:22,0,,,,,,
2611844290,2024-07-25,19:23,0,,,,,,
2611844290,2024-07-25,19:24,0,,,,,,
2611844290,2024-07-25,19:25,0,,,,,,
2611844290,2024-07-25,19:26,0,,,,,,
2611844290,2024-07-25,19:27,0,,,,,,
2611844290,2024-07-25,19:28,0,,,,,,
2611844290,2024-07-25,19:29,0,,,,,,
2611844290,2024-07-25,19:30,0,,,,,,
2611844290,2024-07-25,19:31,0,,,,,,
2611844290,2024-07-25,19:32,0,,,,,,
2611844290,2024-07-25,19:33,0,,,,,,
2611844290,2024-07-25,19:34,0,,,,,,
2611844290,2024-07-25,19:35,0,,,,,,
2611844290,2024-07-25,19:36,0,,,,,,
2611844290,2024-07-25,19:37,0,,,,,,
2611844290,2024-07-25,19:38,0,,,,,,
2611844290,2024-07-25,19:39,0,,,,,,
2611844290,2024-07-25,19:40,0,,,,,,
2611844290,2024-07-25,19:41,0,,,,,,
2611844290,2024-07-25,19:42,0,,,,,,
2611844290,2024-07-25,19:43,0,,,,,,
2611844290,2024-07-25,19:44,0,,,,,,
2611844290,2024-07-25,19:45,0,,,,,,
2611844290,2024-07-25,19:46,0,,,,,,
2611844290,2024-07-25,19:47,0,,,,,,
2611844290,2024-07-25,19:48,0,,,,,,
2611844290,2024-07-25,19:49,0,,,,,,
2611844290,2024-07-25,19:50,0,,,,,,
2611844290,2024-07-25,19:51,0,,,,,,
2611844290,2024-07-25,19:52,0,,,,,,
2611844290,2024-07-25,19:53,0,,,,,,
2611844290,2024-07-25,19:54,0,,,,,,
2611844290,2024-07-25,19:55,0,,,,,,
2611844290,2024-07-25,19:56,0,,,,,,
2611844290,2024-07-25,19:57,0,,,,,,
2611844290,2024-07-25,19:58,0,,,,,,
2611844290,2024-07-25,19:59,0,,,,,,
2611844290,2024-07-25,20:00,0,,,,,,
2611844290,2024-07-25,20:01,0,,,,,,
2611844290,2024-07-25,20:02,0,,,,,,
2611844290,2024-07-25,20:03,0,,,,,,
2611844290,2024-07-25,20:04,0,,,,,,
2611844290,2024-07-25,20:05,0,,,,,,
2611844290,2024-07-25,20:06,0,,,,,,
2611844290,2024-07-25,20:07,0,,,,,,
2611844290,2024-07-25,20:08,0,,,,,,
2611844290,2024-07-25,20:09,0,,,,,,
2611844290,2024-07-25,20:10,0,,,,,,
2611844290,2024-07-25,20:11,0,,,,,,
2611844290,2024-07-25,20:12,0,,,,,,
2611844290,2024-07-25,20:13,0,,,,,,
2611844290,2024-07-25,20:14,0,,,,,,
2611844290,2024-07-25,20:15,0,,,,,,
2611844290,2024-07-25,20:16,0,,,,,,
2611844290,2024-07-25,20:17,0,,,,,,
2611844290,2024-07-25,20:18,0,,,,,,
2611844290,2024-07-25,20:19,0,,,,,,
2611844290,2024-07-25,20:20,0,,,,,,
2611844290,2024-07-25,20:21,0,,,,,,
2611844290,2024-07-25,20:22,0,,,,,,
2611844290,2024-07-25,20:23,0,,,,,,
2611844290,2024-07-25,20:24,0,,,,,,
2611844290,2024-07-25,20:25,0,,,,,,
2611844290,2024-07-25,20:26,0,,,,,,
2611844290,2024-07-25,20:27,0,,,,,,
2611844290,2024-07-25,20:28,0,,,,,,
2611844290,2024-07-25,20:29,0,,,,,,
2611844290,2024-07-25,20:30,0,,,,,,
2611844290,2024-07-25,20:31,0,,,,,,
2611844290,2024-07-25,20:32,0,,,,,,
2611844290,2024-07-25,20:33,0,,,,,,
2611844290,2024-07-25,20:34,0,,,,,,
2611844290,2024-07-25,20:35,0,,,,,,
2611844290,2024-07-25,20:36,0,,,,,,
2611844290,2024-07-25,20:37,0,,,,,,
2611844290,2024-07-25,20:38,0,,,,,,
2611844290,2024-07-25,20:39,0,,,,,,
2611844290,2024-07-25,20:40,0,,,,,,
2611844290,2024-07-25,20:41,0,,,,,,
2611844290,2024-07-25,20:42,0,,,,,,
2611844290,2024-07-25,20:43,0,,,,,,
2611844290,2024-07-25,20:44,0,,,,,,
2611844290,2024-07-25,20:45,0,,,,,,
2611844290,2024-07-25,20:46,0,,,,,,
2611844290,2024-07-25,20:47,0,,,,,,
2611844290,2024-07-25,20:48,0,,,,,,
2611844290,2024-07-25,20:49,0,,,,,,
2611844290,2024-07-25,20:50,0,,,,,,
2611844290,2024-07-25,20:51,0,,,,,,
2611844290,2024-07-25,20:52,0,,,,,,
2611844290,2024-07-25,20:53,0,,,,,,
2611844290,2024-07-25,20:54,0,,,,,,
2611844290,2024-07-25,20:55,0,,,,,,
2611844290,2024-07-25,20:56,0,,,,,,
2611844290,2024-07-25,20:57,0,,,,,,
2611844290,2024-07-25,20:58,0,,,,,,
2611844290,2024-07-25,20:59,0,,,,,,
2611844290,2024-07-25,21:00,0,,,,,,
2611844290,2024-07-25,21:01,0,,,,,,
2611844290,2024-07-25,21:02,0,,,,,,
2611844290,2024-07-25,21:03,0,,,,,,
2611844290,2024-07-25,21:04,0,,,,,,
2611844290,2024-07-25,21:05,0,,,,,,
2611844290,2024-07-25,21:06,0,,,,,,
2611844290,2024-07-25,21:07,0,,,,,,
2611844290,2024-07-25,21:08,0,,,,,,
2611844290,2024-07-25,21:09,0,,,,,,
2611844290,2024-07-25,21:10,0,,,,,,
2611844290,2024-07-25,21:11,0,,,,,,
2611844290,2024-07-25,21:12,0,,,,,,
2611844290,2024-07-25,21:13,0,,,,,,
2611844290,2024-07-25,21:14,0,,,,,,
2611844290,2024-07-25,21:15,0,,,,,,
2611844290,2024-07-25,21:16,0,,,,,,
2611844290,2024-07-25,21:17,0,,,,,,
2611844290,2024-07-25,21:18,0,,,,,,
2611844290,2024-07-25,21:19,0,,,,,,
2611844290,2024-07-25,21:20,0,,,,,,
2611844290,2024-07-25,21:21,0,,,,,,
2611844290,2024-07-25,21:22,0,,,,,,
2611844290,2024-07-25,21:23,0,,,,,,
2611844290,2024-07-25,21:24,0,,,,,,
2611844290,2024-07-25,21:25,0,,,,,,
2611844290,2024-07-25,21:26,0,,,,,,
2611844290,2024-07-25,21:27,0,,,,,,
2611844290,2024-07-25,21:28,0,,,,,,
2611844290,2024-07-25,21:29,0,,,,,,
2611844290,2024-07-25,21:30,0,,,,,,
2611844290,2024-07-25,21:31,0,,,,,,
2611844290,2024-07-25,21:32,0,,,,,,
2611844290,2024-07-25,21:33,0,,,,,,
2611844290,2024-07-25,21:34,0,,,,,,
2611844290,2024-07-25,21:35,0,,,,,,
2611844290,2024-07-25,21:36,0,,,,,,
2611844290,2024-07-25,21:37,0,,,,,,
2611844290,2024-07-25,21:38,0,,,,,,
2611844290,2024-07-25,21:39,0,,,,,,
2611844290,2024-07-25,21:40,0,,,,,,
2611844290,2024-07-25,21:41,0,,,,,,
2611844290,2024-07-25,21:42,0,,,,,,
2611844290,2024-07-25,21:43,0,,,,,,
2611844290,2024-07-25,21:44,0,,,,,,
2611844290,2024-07-25,21:45,0,,,,,,
2611844290,2024-07-25,21:46,0,,,,,,
2611844290,2024-07-25,21:47,0,,,,,,
2611844290,2024-07-25,21:48,0,,,,,,
2611844290,2024-07-25,21:49,0,,,,,,
2611844290,2024-07-25,21:50,0,,,,,,
2611844290,2024-07-25,21:51,0,,,,,,
2611844290,2024-07-25,21:52,0,,,,,,
2611844290,2024-07-25,21:53,0,,,,,,
2611844290,2024-07-25,21:54,0,,,,,,
2611844290,2024-07-25,21:55,0,,,,,,
2611844290,2024-07-25,21:56,0,,,,,,
2611844290,2024-07-25,21:57,0,,,,,,
2611844290,2024-07-25,21:58,0,,,,,,
2611844290,2024-07-25,21:59,0,,,,,,
2611844290,2024-07-25,22:00,0,,,,,,
